kecamatan,tahun,laki_laki,perempuan,jumlah_penduduk
Getasan,2022,26952,26630,53582
Getasan,2023,27128,26792,53920
Getasan,2024,27294,26948,54242
Getasan,2025,27450,27096,54546
Tengaran,2022,36523,36557,73080
Tengaran,2023,36709,36949,73658
Tengaran,2024,36881,37333,74214
Tengaran,2025,37040,37708,74748
Susukan,2022,25396,25148,50544
Susukan,2023,25640,25421,51061
Susukan,2024,25877,25688,51565
Susukan,2025,26105,25950,52055
Kaliwungu,2022,15240,15699,30939
Kaliwungu,2023,15402,15861,31263
Kaliwungu,2024,15560,16021,31581
Kaliwungu,2025,15712,16177,31889
Suruh,2022,36192,35623,71815
Suruh,2023,36639,36069,72708
Suruh,2024,37078,36509,73587
Suruh,2025,37506,36944,74450
Pabelan,2022,22827,22860,45687
Pabelan,2023,23115,23209,46324
Pabelan,2024,23398,23556,46954
Pabelan,2025,23674,23900,47574
Tuntang,2022,34718,35233,69951
Tuntang,2023,35011,35587,70598
Tuntang,2024,35294,35933,71227
Tuntang,2025,35565,36271,71836
Banyubiru,2022,22551,22268,44819
Banyubiru,2023,22666,22426,45092
Banyubiru,2024,22773,22578,45351
Banyubiru,2025,22872,22724,45596
Jambu,2022,20667,20533,41200
Jambu,2023,20803,20687,41490
Jambu,2024,20933,20834,41767
Jambu,2025,21055,20976,42031
Sumowono,2022,17454,17171,34625
Sumowono,2023,17599,17367,34966
Sumowono,2024,17738,17560,35298
Sumowono,2025,17870,17750,35620
Ambarawa,2022,32064,32356,64420
Ambarawa,2023,32187,32581,64768
Ambarawa,2024,32298,32798,65096
Ambarawa,2025,32395,33007,65402
Bandungan,2022,29975,29727,59702
Bandungan,2023,30167,30003,60170
Bandungan,2024,30349,30272,60621
Bandungan,2025,30520,30533,61053
Bawen,2022,30299,30182,60481
Bawen,2023,30505,30396,60901
Bawen,2024,30700,30602,61302
Bawen,2025,30883,30800,61683
Bringin,2022,23687,23566,47253
Bringin,2023,23893,23780,47673
Bringin,2024,24092,23989,48081
Bringin,2025,24283,24191,48474
Bancak,2022,12289,12303,24592
Bancak,2023,12477,12480,24957
Bancak,2024,12663,12656,25319
Bancak,2025,12847,12829,25676
Pringapus,2022,28273,29661,57934
Pringapus,2023,28585,29892,58477
Pringapus,2024,28888,30116,59004
Pringapus,2025,29184,30331,59515
Bergas,2022,37510,39502,77012
Bergas,2023,37876,39708,77584
Bergas,2024,38231,39902,78133
Bergas,2025,38574,40084,78658
Ungaran Barat,2022,40482,41454,81936
Ungaran Barat,2023,40694,41696,82390
Ungaran Barat,2024,40891,41924,82815
Ungaran Barat,2025,41073,42139,83212
Ungaran Timur,2022,40575,41089,81664
Ungaran Timur,2023,41021,41627,82648
Ungaran Timur,2024,41454,42156,83610
Ungaran Timur,2025,41871,42683,84554
