kecamatan,luas_km2,tahun_luas,sumber
Getasan,65.80,2018,BPS - Kabupaten Semarang Dalam Angka 2019
Tengaran,47.30,2018,BPS - Kabupaten Semarang Dalam Angka 2019
Susukan,48.87,2018,BPS - Kabupaten Semarang Dalam Angka 2019
Kaliwungu,29.95,2018,BPS - Kabupaten Semarang Dalam Angka 2019
Suruh,64.02,2018,BPS - Kabupaten Semarang Dalam Angka 2019
Pabelan,47.97,2018,BPS - Kabupaten Semarang Dalam Angka 2019
Tuntang,56.24,2018,BPS - Kabupaten Semarang Dalam Angka 2019
Banyubiru,54.41,2018,BPS - Kabupaten Semarang Dalam Angka 2019
Jambu,51.63,2018,BPS - Kabupaten Semarang Dalam Angka 2019
Sumowono,55.63,2018,BPS - Kabupaten Semarang Dalam Angka 2019
Ambarawa,28.22,2018,BPS - Kabupaten Semarang Dalam Angka 2019
Bandungan,48.23,2018,BPS - Kabupaten Semarang Dalam Angka 2019
Bawen,46.57,2018,BPS - Kabupaten Semarang Dalam Angka 2019
Bringin,61.89,2018,BPS - Kabupaten Semarang Dalam Angka 2019
Bancak,43.85,2018,BPS - Kabupaten Semarang Dalam Angka 2019
Pringapus,78.35,2018,BPS - Kabupaten Semarang Dalam Angka 2019
Bergas,47.33,2018,BPS - Kabupaten Semarang Dalam Angka 2019
Ungaran Barat,35.96,2018,BPS - Kabupaten Semarang Dalam Angka 2019
Ungaran Timur,37.99,2018,BPS - Kabupaten Semarang Dalam Angka 2019
