kecamatan,nama_pasar,jumlah_mck,pedagang_tetap,pedagang_pkl,tahun,sumber
Ungaran Barat,Bandarjo,17,879,0,2024,Dinas Koperasi UMKM Perindustrian dan Perdagangan
Ungaran Barat,Babadan,6,885,0,2024,Dinas Koperasi UMKM Perindustrian dan Perdagangan
Bergas,Karangjati,6,377,0,2024,Dinas Koperasi UMKM Perindustrian dan Perdagangan
Pringapus,Pringapus,0,202,0,2024,Dinas Koperasi UMKM Perindustrian dan Perdagangan
Bandungan,Jimbaran,3,335,3,2024,Dinas Koperasi UMKM Perindustrian dan Perdagangan
Bandungan,Bandungan,28,538,0,2024,Dinas Koperasi UMKM Perindustrian dan Perdagangan
Sumowono,Sumowono,8,620,0,2024,Dinas Koperasi UMKM Perindustrian dan Perdagangan
Ambarawa,Projo,28,1428,0,2024,Dinas Koperasi UMKM Perindustrian dan Perdagangan
Ambarawa,Warung Lanang,3,180,0,2024,Dinas Koperasi UMKM Perindustrian dan Perdagangan
Banyubiru,Kebondowo,2,196,0,2024,Dinas Koperasi UMKM Perindustrian dan Perdagangan
Bringin,Bringin,4,330,0,2024,Dinas Koperasi UMKM Perindustrian dan Perdagangan
Tengaran,Tengaran,0,44,1,2024,Dinas Koperasi UMKM Perindustrian dan Perdagangan
Pabelan,Wates,2,100,0,2024,Dinas Koperasi UMKM Perindustrian dan Perdagangan
